02-sql	1	02-sql-001.png	873x295
02-sql	2	02-sql-002.png	909x119
02-sql	3	02-sql-003.png	1383x708
02-sql	4	02-sql-004.png	737x236
02-sql	5	02-sql-005.png	841x100
02-sql	6	02-sql-006.png	832x226
02-sql	7	02-sql-007.png	933x234
02-sql	8	02-sql-008.png	1042x370
02-sql	9	02-sql-009.png	1090x611
02-sql	10	02-sql-010.png	759x207
02-sql	11	02-sql-011.png	900x279
02-sql	12	02-sql-012.png	1163x410
02-sql	13	02-sql-013.png	558x126
02-sql	14	02-sql-014.png	632x132
02-sql	15	02-sql-015.png	809x141
02-sql	16	02-sql-016.png	631x122
02-sql	17	02-sql-017.png	1143x495
02-sql	18	02-sql-018.png	940x207
02-sql	19	02-sql-019.png	966x204
02-sql	20	02-sql-020.png	777x211
02-sql	21	02-sql-021.png	1082x457
02-sql	22	02-sql-022.png	442x155
02-sql	23	02-sql-023.png	1107x574
02-sql	24	02-sql-024.png	851x246
02-sql	25	02-sql-025.png	715x166
02-sql	26	02-sql-026.png	410x182
02-sql	27	02-sql-027.png	772x211
02-sql	28	02-sql-028.png	780x201
02-sql	29	02-sql-029.png	607x139
02-sql	30	02-sql-030.png	799x147
02-sql	31	02-sql-031.png	484x119
02-sql	32	02-sql-032.png	416x143
02-sql	33	02-sql-033.png	447x190
02-sql	34	02-sql-034.png	560x176
02-sql	35	02-sql-035.png	699x193
02-sql	36	02-sql-036.png	1318x636
02-sql	37	02-sql-037.png	736x102
02-sql	38	02-sql-038.png	731x217
02-sql	39	02-sql-039.png	719x203
02-sql	40	02-sql-040.png	626x201
02-sql	41	02-sql-041.png	749x191
02-sql	42	02-sql-042.png	771x254
02-sql	43	02-sql-043.png	898x412
02-sql	44	02-sql-044.png	629x257
02-sql	45	02-sql-045.png	795x321
02-sql	46	02-sql-046.png	640x183
02-sql	47	02-sql-047.png	701x319
02-sql	48	02-sql-048.png	963x526
02-sql	49	02-sql-049.png	968x480
02-sql	50	02-sql-050.png	807x178
02-sql	51	02-sql-051.png	499x217
02-sql	52	02-sql-052.png	812x229
02-sql	53	02-sql-053.png	1010x487
02-sql	54	02-sql-054.png	1134x319
02-sql	55	02-sql-055.png	1115x331
02-sql	56	02-sql-056.png	877x307
02-sql	57	02-sql-057.png	912x296
02-sql	58	02-sql-058.png	1067x256
02-sql	59	02-sql-059.png	974x366
02-sql	60	02-sql-060.png	1303x627
02-sql	61	02-sql-061.png	738x187
02-sql	62	02-sql-062.png	968x244
02-sql	63	02-sql-063.png	1101x630
02-sql	64	02-sql-064.png	1318x612
02-sql	65	02-sql-065.png	619x154
02-sql	66	02-sql-066.png	928x206
02-sql	67	02-sql-067.png	880x515
02-sql	68	02-sql-068.png	1104x492
02-sql	69	02-sql-069.png	1243x592
02-sql	70	02-sql-070.png	1251x667
02-sql	71	02-sql-071.png	1338x676
02-sql	72	02-sql-072.png	1002x349
02-sql	73	02-sql-073.png	721x225
02-sql	74	02-sql-074.png	1011x299
02-sql	75	02-sql-075.png	374x57
02-sql	76	02-sql-076.png	363x51
02-sql	77	02-sql-077.png	455x48
02-sql	78	02-sql-078.png	693x119
02-sql	79	02-sql-079.png	516x193
02-sql	80	02-sql-080.png	795x270
02-sql	81	02-sql-081.png	740x48
02-sql	82	02-sql-082.png	787x49
02-sql	83	02-sql-083.png	759x45
02-sql	84	02-sql-084.png	754x59
02-sql	85	02-sql-085.png	1270x720
02-sql	86	02-sql-086.png	869x254
02-sql	87	02-sql-087.png	947x312
02-sql	88	02-sql-088.png	928x182
02-sql	89	02-sql-089.png	965x295
02-sql	90	02-sql-090.png	760x102
02-sql	91	02-sql-091.png	967x341
02-sql	92	02-sql-092.png	675x95
02-sql	93	02-sql-093.png	984x412
02-sql	94	02-sql-094.png	913x151
02-sql	95	02-sql-095.png	962x227
02-sql	96	02-sql-096.png	663x95
02-sql	97	02-sql-097.png	812x145
02-sql	98	02-sql-098.png	910x491
02-sql	99	02-sql-099.png	995x617
02-sql	100	02-sql-100.png	287x85
02-sql	101	02-sql-101.png	240x60
02-sql	102	02-sql-102.png	191x52
02-sql	103	02-sql-103.png	1278x693
02-sql	104	02-sql-104.png	791x39
02-sql	105	02-sql-105.png	767x41
02-sql	106	02-sql-106.png	602x103
02-sql	107	02-sql-107.png	447x53
02-sql	108	02-sql-108.png	456x85
02-sql	109	02-sql-109.png	789x127
02-sql	110	02-sql-110.png	404x91
02-sql	111	02-sql-111.png	973x307
02-sql	112	02-sql-112.png	733x87
02-sql	113	02-sql-113.png	776x182
02-sql	114	02-sql-114.png	575x105
02-sql	115	02-sql-115.png	410x90
02-sql	116	02-sql-116.png	906x592
02-sql	117	02-sql-117.png	810x533
02-sql	118	02-sql-118.png	836x563
02-sql	119	02-sql-119.png	944x605
02-sql	120	02-sql-120.png	920x569
02-sql	121	02-sql-121.png	999x500
02-sql	122	02-sql-122.png	883x592
02-sql	123	02-sql-123.png	689x287
02-sql	124	02-sql-124.png	802x180
02-sql	125	02-sql-125.png	864x561
02-sql	126	02-sql-126.png	393x44
02-sql	127	02-sql-127.png	843x207
02-sql	128	02-sql-128.png	432x377
02-sql	129	02-sql-129.png	866x490
02-sql	130	02-sql-130.png	686x321
02-sql	131	02-sql-131.png	1135x487
02-sql	132	02-sql-132.png	891x294
02-sql	133	02-sql-133.png	1008x559
02-sql	134	02-sql-134.png	1133x637
02-sql	135	02-sql-135.png	910x481
02-sql	136	02-sql-136.png	818x461
02-sql	137	02-sql-137.png	741x404
03-er	1	03-er-001.png	1048x609
03-er	2	03-er-002.png	708x79
03-er	3	03-er-003.png	818x97
03-er	4	03-er-004.png	198x43
03-er	5	03-er-005.png	718x214
03-er	6	03-er-006.png	833x394
03-er	7	03-er-007.png	849x701
03-er	8	03-er-008.png	336x237
03-er	9	03-er-009.png	329x285
03-er	10	03-er-010.png	231x157
03-er	11	03-er-011.png	179x123
03-er	12	03-er-012.png	397x134
03-er	13	03-er-013.png	279x196
03-er	14	03-er-014.png	388x166
03-er	15	03-er-015.png	947x655
03-er	16	03-er-016.png	180x33
03-er	17	03-er-017.png	783x206
03-er	18	03-er-018.png	885x409
03-er	19	03-er-019.png	219x190
03-er	20	03-er-020.png	571x191
03-er	21	03-er-021.png	856x509
03-er	22	03-er-022.png	878x310
04-design	1	04-design-001.png	484x70
04-design	2	04-design-002.png	748x216
04-design	3	04-design-003.png	671x106
04-design	4	04-design-004.png	665x400
04-design	5	04-design-005.png	844x93
04-design	6	04-design-006.png	755x96
04-design	7	04-design-007.png	1176x633
04-design	8	04-design-008.png	804x290
04-design	9	04-design-009.png	815x239
04-design	10	04-design-010.png	641x83
04-design	11	04-design-011.png	584x142
04-design	12	04-design-012.png	857x201
04-design	13	04-design-013.png	1338x630
04-design	14	04-design-014.png	807x337
04-design	15	04-design-015.png	1078x251
04-design	16	04-design-016.png	694x230
04-design	17	04-design-017.png	1078x620
04-design	18	04-design-018.png	900x342
04-design	19	04-design-019.png	806x160
04-design	20	04-design-020.png	833x232
04-design	21	04-design-021.png	1087x441
04-design	22	04-design-022.png	848x273
04-design	23	04-design-023.png	1023x596
04-design	24	04-design-024.png	350x156
04-design	25	04-design-025.png	895x301
04-design	26	04-design-026.png	878x711
04-design	27	04-design-027.png	1057x630
04-design	28	04-design-028.png	1130x658
04-design	29	04-design-029.png	939x402
04-design	30	04-design-030.png	703x116
05-storage	1	05-storage-001.png	1137x658
05-storage	2	05-storage-002.png	986x597
05-storage	3	05-storage-003.png	1106x543
05-storage	4	05-storage-004.png	1173x671
05-storage	5	05-storage-005.png	711x489
05-storage	6	05-storage-006.png	1065x615
05-storage	7	05-storage-007.png	877x601
05-storage	8	05-storage-008.png	958x547
05-storage	9	05-storage-009.png	872x593
05-storage	10	05-storage-010.png	1076x628
05-storage	11	05-storage-011.png	1065x643
05-storage	12	05-storage-012.png	1073x655
05-storage	13	05-storage-013.png	853x637
05-storage	14	05-storage-014.png	870x602
05-storage	15	05-storage-015.png	1113x601
05-storage	16	05-storage-016.png	983x614
05-storage	17	05-storage-017.png	852x611
05-storage	18	05-storage-018.png	1068x527
05-storage	19	05-storage-019.png	879x549
05-storage	20	05-storage-020.png	882x464
05-storage	21	05-storage-021.png	715x213
05-storage	22	05-storage-022.png	646x346
05-storage	23	05-storage-023.png	839x477
05-storage	24	05-storage-024.png	684x151
05-storage	25	05-storage-025.png	783x481
06-index	1	06-index-001.png	1132x602
06-index	2	06-index-002.png	1050x632
06-index	3	06-index-003.png	922x461
06-index	4	06-index-004.png	844x365
06-index	5	06-index-005.png	1233x685
06-index	6	06-index-006.png	768x513
06-index	7	06-index-007.png	423x49
06-index	8	06-index-008.png	1200x740
06-index	9	06-index-009.png	928x559
06-index	10	06-index-010.png	641x91
06-index	11	06-index-011.png	1022x335
06-index	12	06-index-012.png	329x50
06-index	13	06-index-013.png	331x62
06-index	14	06-index-014.png	1131x268
06-index	15	06-index-015.png	261x55
06-index	16	06-index-016.png	968x623
06-index	17	06-index-017.png	1107x513
06-index	18	06-index-018.png	1126x698
06-index	19	06-index-019.png	898x631
06-index	20	06-index-020.png	862x578
06-index	21	06-index-021.png	691x353
07-query	1	07-query-001.png	1123x714
07-query	2	07-query-002.png	1133x651
07-query	3	07-query-003.png	582x176
07-query	4	07-query-004.png	946x107
07-query	5	07-query-005.png	317x62
07-query	6	07-query-006.png	363x51
07-query	7	07-query-007.png	1073x716
07-query	8	07-query-008.png	950x541
07-query	9	07-query-009.png	1054x582
07-query	10	07-query-010.png	1065x714
07-query	11	07-query-011.png	1113x683
07-query	12	07-query-012.png	455x60
07-query	13	07-query-013.png	440x62
07-query	14	07-query-014.png	1225x749
07-query	15	07-query-015.png	1291x733
07-query	16	07-query-016.png	391x47
07-query	17	07-query-017.png	206x59
07-query	18	07-query-018.png	509x124
07-query	19	07-query-019.png	488x107
07-query	20	07-query-020.png	1312x754
07-query	21	07-query-021.png	531x91
07-query	22	07-query-022.png	358x68
07-query	23	07-query-023.png	126x53
07-query	24	07-query-024.png	553x100
07-query	25	07-query-025.png	721x338
07-query	26	07-query-026.png	571x549
07-query	27	07-query-027.png	373x37
07-query	28	07-query-028.png	239x37
07-query	29	07-query-029.png	595x403
07-query	30	07-query-030.png	341x49
07-query	31	07-query-031.png	157x57
07-query	32	07-query-032.png	566x56
07-query	33	07-query-033.png	133x52
07-query	34	07-query-034.png	396x60
07-query	35	07-query-035.png	292x48
07-query	36	07-query-036.png	576x361
07-query	37	07-query-037.png	323x50
07-query	38	07-query-038.png	334x148
07-query	39	07-query-039.png	324x41
07-query	40	07-query-040.png	320x98
07-query	41	07-query-041.png	615x493
07-query	42	07-query-042.png	179x42
07-query	43	07-query-043.png	1195x739
07-query	44	07-query-044.png	128x56
07-query	45	07-query-045.png	136x42
07-query	46	07-query-046.png	186x42
07-query	47	07-query-047.png	109x41
07-query	48	07-query-048.png	117x39
07-query	49	07-query-049.png	269x44
07-query	50	07-query-050.png	79x41
07-query	51	07-query-051.png	66x23
07-query	52	07-query-052.png	204x41
07-query	53	07-query-053.png	330x39
07-query	54	07-query-054.png	619x45
07-query	55	07-query-055.png	945x150
07-query	56	07-query-056.png	571x51
07-query	57	07-query-057.png	257x55
08-opt	1	08-opt-001.png	448x157
08-opt	2	08-opt-002.png	844x161
08-opt	3	08-opt-003.png	880x127
08-opt	4	08-opt-004.png	726x110
08-opt	5	08-opt-005.png	708x139
08-opt	6	08-opt-006.png	813x189
08-opt	7	08-opt-007.png	1106x128
08-opt	8	08-opt-008.png	1129x149
08-opt	9	08-opt-009.png	685x149
08-opt	10	08-opt-010.png	1163x323
08-opt	11	08-opt-011.png	759x161
08-opt	12	08-opt-012.png	811x182
08-opt	13	08-opt-013.png	741x170
08-opt	14	08-opt-014.png	553x121
08-opt	15	08-opt-015.png	800x195
08-opt	16	08-opt-016.png	570x96
08-opt	17	08-opt-017.png	578x108
08-opt	18	08-opt-018.png	586x121
08-opt	19	08-opt-019.png	769x143
08-opt	20	08-opt-020.png	1077x466
08-opt	21	08-opt-021.png	120x71
08-opt	22	08-opt-022.png	820x134
08-opt	23	08-opt-023.png	968x353
08-opt	24	08-opt-024.png	761x146
08-opt	25	08-opt-025.png	662x126
08-opt	26	08-opt-026.png	639x125
08-opt	27	08-opt-027.png	1035x550
08-opt	28	08-opt-028.png	936x504
08-opt	29	08-opt-029.png	858x408
08-opt	30	08-opt-030.png	502x48
08-opt	31	08-opt-031.png	515x42
08-opt	32	08-opt-032.png	713x222
08-opt	33	08-opt-033.png	770x183
08-opt	34	08-opt-034.png	416x34
08-opt	35	08-opt-035.png	326x46
08-opt	36	08-opt-036.png	520x118
08-opt	37	08-opt-037.png	723x118
08-opt	38	08-opt-038.png	356x112
08-opt	39	08-opt-039.png	886x442
08-opt	40	08-opt-040.png	66x38
08-opt	41	08-opt-041.png	60x29
08-opt	42	08-opt-042.png	974x544
08-opt	43	08-opt-043.png	84x34
08-opt	44	08-opt-044.png	556x66
08-opt	45	08-opt-045.png	636x141
08-opt	46	08-opt-046.png	566x40
08-opt	47	08-opt-047.png	529x243
08-opt	48	08-opt-048.png	462x98
09-transactions	1	09-transactions-001.png	687x349
09-transactions	2	09-transactions-002.png	641x627
09-transactions	3	09-transactions-003.png	984x581
09-transactions	4	09-transactions-004.png	513x180
09-transactions	5	09-transactions-005.png	406x138
09-transactions	6	09-transactions-006.png	418x157
09-transactions	7	09-transactions-007.png	605x503
09-transactions	8	09-transactions-008.png	906x518
09-transactions	9	09-transactions-009.png	1082x599
09-transactions	10	09-transactions-010.png	792x472
09-transactions	11	09-transactions-011.png	988x547
09-transactions	12	09-transactions-012.png	876x459
09-transactions	13	09-transactions-013.png	940x441
09-transactions	14	09-transactions-014.png	748x640
09-transactions	15	09-transactions-015.png	592x627
09-transactions	16	09-transactions-016.png	734x648
09-transactions	17	09-transactions-017.png	559x112
09-transactions	18	09-transactions-018.png	813x610
09-transactions	19	09-transactions-019.png	615x385
09-transactions	20	09-transactions-020.png	480x205
09-transactions	21	09-transactions-021.png	323x299
09-transactions	22	09-transactions-022.png	743x223
09-transactions	23	09-transactions-023.png	753x333
09-transactions	24	09-transactions-024.png	257x48
09-transactions	25	09-transactions-025.png	637x115
09-transactions	26	09-transactions-026.png	616x85
09-transactions	27	09-transactions-027.png	627x39
09-concurrency	1	09-concurrency-001.png	281x124
09-concurrency	2	09-concurrency-002.png	545x372
09-concurrency	3	09-concurrency-003.png	725x235
09-concurrency	4	09-concurrency-004.png	288x97
09-concurrency	5	09-concurrency-005.png	453x526
09-concurrency	6	09-concurrency-006.png	628x380
09-concurrency	7	09-concurrency-007.png	1255x711
09-concurrency	8	09-concurrency-008.png	501x230
09-concurrency	9	09-concurrency-009.png	240x176
09-concurrency	10	09-concurrency-010.png	683x356
09-concurrency	11	09-concurrency-011.png	1102x673
09-concurrency	12	09-concurrency-012.png	1090x710
09-concurrency	13	09-concurrency-013.png	963x445
09-concurrency	14	09-concurrency-014.png	1034x406
10-recovery	1	10-recovery-001.png	984x408
10-recovery	2	10-recovery-002.png	1213x729
10-recovery	3	10-recovery-003.png	1240x740
10-recovery	4	10-recovery-004.png	1175x598
10-recovery	5	10-recovery-005.png	1280x719
10-recovery	6	10-recovery-006.png	359x94
10-recovery	7	10-recovery-007.png	382x28
10-recovery	8	10-recovery-008.png	357x45
10-recovery	9	10-recovery-009.png	341x127
10-recovery	10	10-recovery-010.png	1188x727
10-recovery	11	10-recovery-011.png	910x321
10-recovery	12	10-recovery-012.png	783x194
10-recovery	13	10-recovery-013.png	1019x733
10-recovery	14	10-recovery-014.png	1075x709